episode,algorithm,mode,total_reward,steps,is_best,best_reward_so_far,best_steps_so_far
0,q_learning,train,-36.599999999999966,89,1,-36.599999999999966,89
1,q_learning,train,-23.69999999999998,77,1,-23.69999999999998,77
2,q_learning,train,-24.899999999999984,97,0,-23.69999999999998,77
3,q_learning,train,-14.400000000000006,122,1,-14.400000000000006,122
4,q_learning,train,16.800000000000065,300,1,16.800000000000065,300
5,q_learning,train,-50.200000000000124,157,0,16.800000000000065,300
6,q_learning,train,-35.999999999999964,114,0,16.800000000000065,300
7,q_learning,train,-14.900000000000004,46,0,16.800000000000065,300
8,q_learning,train,-14.399999999999974,149,0,16.800000000000065,300
9,q_learning,train,-2.2000000000000046,70,0,16.800000000000065,300
10,q_learning,train,-65.4000000000001,109,0,16.800000000000065,300
11,q_learning,train,-17.099999999999984,90,0,16.800000000000065,300
12,q_learning,train,-35.39999999999995,157,0,16.800000000000065,300
13,q_learning,train,70.39999999999995,251,1,70.39999999999995,251
14,q_learning,train,-25.19999999999998,104,0,70.39999999999995,251
15,q_learning,train,-17.800000000000004,71,0,70.39999999999995,251
16,q_learning,train,-23.999999999999996,64,0,70.39999999999995,251
17,q_learning,train,59.2,212,0,70.39999999999995,251
18,q_learning,train,-29.299999999999972,125,0,70.39999999999995,251
19,q_learning,train,-13.799999999999997,82,0,70.39999999999995,251
20,q_learning,train,-68.60000000000014,91,0,70.39999999999995,251
21,q_learning,train,21.10000000000002,231,0,70.39999999999995,251
22,q_learning,train,65.79999999999995,242,0,70.39999999999995,251
23,q_learning,train,56.69999999999996,246,0,70.39999999999995,251
24,q_learning,train,27.199999999999992,300,0,70.39999999999995,251
25,q_learning,train,-22.3,256,0,70.39999999999995,251
26,q_learning,train,-30.8,46,0,70.39999999999995,251
27,q_learning,train,-32.09999999999995,198,0,70.39999999999995,251
28,q_learning,train,-15.399999999999967,100,0,70.39999999999995,251
29,q_learning,train,-37.5,53,0,70.39999999999995,251
30,q_learning,train,0.5,23,0,70.39999999999995,251
31,q_learning,train,-8.0,25,0,70.39999999999995,251
32,q_learning,train,-19.0,15,0,70.39999999999995,251
33,q_learning,train,-14.400000000000004,44,0,70.39999999999995,251
34,q_learning,train,-15.0,11,0,70.39999999999995,251
35,q_learning,train,-67.00000000000041,237,0,70.39999999999995,251
36,q_learning,train,3.0999999999999996,34,0,70.39999999999995,251
37,q_learning,train,-5.0,26,0,70.39999999999995,251
38,q_learning,train,18.1,235,0,70.39999999999995,251
39,q_learning,train,-1.0,23,0,70.39999999999995,251
40,q_learning,train,-23.19999999999995,300,0,70.39999999999995,251
41,q_learning,train,-24.9,77,0,70.39999999999995,251
42,q_learning,train,-25.19999999999997,94,0,70.39999999999995,251
43,q_learning,train,96.2999999999999,300,1,96.2999999999999,300
44,q_learning,train,-3.2999999999999723,137,0,96.2999999999999,300
45,q_learning,train,-36.19999999999999,162,0,96.2999999999999,300
46,q_learning,train,-11.5,19,0,96.2999999999999,300
47,q_learning,train,-15.0,12,0,96.2999999999999,300
48,q_learning,train,-37.19999999999993,146,0,96.2999999999999,300
49,q_learning,train,-18.200000000000003,51,0,96.2999999999999,300
50,q_learning,train,-54.400000000000006,258,0,96.2999999999999,300
51,q_learning,train,-9.3,56,0,96.2999999999999,300
52,q_learning,train,44.30000000000001,232,0,96.2999999999999,300
53,q_learning,train,-0.5,23,0,96.2999999999999,300
54,q_learning,train,75.19999999999995,219,0,96.2999999999999,300
55,q_learning,train,0.30000000000005755,232,0,96.2999999999999,300
56,q_learning,train,-14.500000000000004,62,0,96.2999999999999,300
57,q_learning,train,11.399999999999995,178,0,96.2999999999999,300
58,q_learning,train,-25.79999999999997,108,0,96.2999999999999,300
59,q_learning,train,-17.59999999999998,95,0,96.2999999999999,300
60,q_learning,train,-1.0,37,0,96.2999999999999,300
61,q_learning,train,-6.900000000000002,85,0,96.2999999999999,300
62,q_learning,train,-30.099999999999955,90,0,96.2999999999999,300
63,q_learning,train,-23.099999999999987,128,0,96.2999999999999,300
64,q_learning,train,0.599999999999997,100,0,96.2999999999999,300
65,q_learning,train,77.1,211,0,96.2999999999999,300
66,q_learning,train,-9.399999999999956,284,0,96.2999999999999,300
67,q_learning,train,10.8,52,0,96.2999999999999,300
68,q_learning,train,-2.3,31,0,96.2999999999999,300
69,q_learning,train,-8.499999999999977,154,0,96.2999999999999,300
70,q_learning,train,-16.400000000000006,46,0,96.2999999999999,300
71,q_learning,train,-13.100000000000001,137,0,96.2999999999999,300
72,q_learning,train,-4.5,26,0,96.2999999999999,300
73,q_learning,train,-20.499999999999993,212,0,96.2999999999999,300
74,q_learning,train,-9.0,22,0,96.2999999999999,300
75,q_learning,train,7.699999999999999,45,0,96.2999999999999,300
76,q_learning,train,-14.899999999999991,205,0,96.2999999999999,300
77,q_learning,train,-47.100000000000016,174,0,96.2999999999999,300
78,q_learning,train,2.6000000000000147,94,0,96.2999999999999,300
79,q_learning,train,-4.0,28,0,96.2999999999999,300
80,q_learning,train,-20.99999999999999,80,0,96.2999999999999,300
81,q_learning,train,-10.200000000000003,56,0,96.2999999999999,300
82,q_learning,train,-30.59999999999997,235,0,96.2999999999999,300
83,q_learning,train,-0.6000000000000014,47,0,96.2999999999999,300
84,q_learning,train,-10.700000000000003,86,0,96.2999999999999,300
85,q_learning,train,-2.400000000000004,91,0,96.2999999999999,300
86,q_learning,train,8.899999999999997,105,0,96.2999999999999,300
87,q_learning,train,5.400000000000045,132,0,96.2999999999999,300
88,q_learning,train,-16.000000000000007,74,0,96.2999999999999,300
89,q_learning,train,-14.499999999999993,97,0,96.2999999999999,300
90,q_learning,train,-48.90000000000011,212,0,96.2999999999999,300
91,q_learning,train,-2.5,21,0,96.2999999999999,300
92,q_learning,train,-3.599999999999966,300,0,96.2999999999999,300
93,q_learning,train,3.0000000000000497,217,0,96.2999999999999,300
94,q_learning,train,-0.49999999999998934,95,0,96.2999999999999,300
95,q_learning,train,-45.20000000000006,220,0,96.2999999999999,300
96,q_learning,train,-24.49999999999998,162,0,96.2999999999999,300
97,q_learning,train,114.69999999999996,300,1,114.69999999999996,300
98,q_learning,train,-3.7999999999999248,300,0,114.69999999999996,300
99,q_learning,train,6.0,50,0,114.69999999999996,300
100,q_learning,train,-42.299999999999976,297,0,114.69999999999996,300
101,q_learning,train,-12.7,77,0,114.69999999999996,300
102,q_learning,train,-26.999999999999982,127,0,114.69999999999996,300
103,q_learning,train,11.300000000000022,144,0,114.69999999999996,300
104,q_learning,train,-2.0,27,0,114.69999999999996,300
105,q_learning,train,7.400000000000048,208,0,114.69999999999996,300
106,q_learning,train,24.700000000000017,244,0,114.69999999999996,300
107,q_learning,train,-15.399999999999972,157,0,114.69999999999996,300
108,q_learning,train,-3.5,23,0,114.69999999999996,300
109,q_learning,train,-2.5,23,0,114.69999999999996,300
110,q_learning,train,-10.900000000000004,58,0,114.69999999999996,300
111,q_learning,train,3.2000000000000135,92,0,114.69999999999996,300
112,q_learning,train,-15.300000000000004,62,0,114.69999999999996,300
113,q_learning,train,-15.100000000000001,58,0,114.69999999999996,300
114,q_learning,train,35.999999999999915,143,0,114.69999999999996,300
115,q_learning,train,32.099999999999966,184,0,114.69999999999996,300
116,q_learning,train,-43.70000000000006,287,0,114.69999999999996,300
117,q_learning,train,0.5,21,0,114.69999999999996,300
118,q_learning,train,-11.099999999999998,67,0,114.69999999999996,300
119,q_learning,train,13.000000000000028,110,0,114.69999999999996,300
120,q_learning,train,118.49999999999997,300,1,118.49999999999997,300
121,q_learning,train,5.0,45,0,118.49999999999997,300
122,q_learning,train,-4.79999999999999,156,0,118.49999999999997,300
123,q_learning,train,-50.80000000000022,249,0,118.49999999999997,300
124,q_learning,train,-7.0,21,0,118.49999999999997,300
125,q_learning,train,-0.40000000000000013,83,0,118.49999999999997,300
126,q_learning,train,-7.0,21,0,118.49999999999997,300
127,q_learning,train,-11.59999999999998,102,0,118.49999999999997,300
128,q_learning,train,-11.699999999999992,80,0,118.49999999999997,300
129,q_learning,train,-15.399999999999977,85,0,118.49999999999997,300
130,q_learning,train,-36.09999999999998,300,0,118.49999999999997,300
131,q_learning,train,-2.699999999999984,86,0,118.49999999999997,300
132,q_learning,train,-33.69999999999994,189,0,118.49999999999997,300
133,q_learning,train,-3.7999999999999936,78,0,118.49999999999997,300
134,q_learning,train,-4.600000000000001,50,0,118.49999999999997,300
135,q_learning,train,-2.5,27,0,118.49999999999997,300
136,q_learning,train,-14.899999999999952,180,0,118.49999999999997,300
137,q_learning,train,58.7,243,0,118.49999999999997,300
138,q_learning,train,104.49999999999994,300,0,118.49999999999997,300
139,q_learning,train,-10.100000000000001,42,0,118.49999999999997,300
140,q_learning,train,78.9999999999999,245,0,118.49999999999997,300
141,q_learning,train,76.1,193,0,118.49999999999997,300
142,q_learning,train,-16.19999999999995,300,0,118.49999999999997,300
143,q_learning,train,-20.39999999999999,69,0,118.49999999999997,300
144,q_learning,train,0.39999999999999947,25,0,118.49999999999997,300
145,q_learning,train,-21.0,21,0,118.49999999999997,300
146,q_learning,train,73.6,300,0,118.49999999999997,300
147,q_learning,train,-50.09999999999999,300,0,118.49999999999997,300
148,q_learning,train,-17.099999999999987,82,0,118.49999999999997,300
149,q_learning,train,-71.10000000000015,114,0,118.49999999999997,300
150,q_learning,train,-59.00000000000024,300,0,118.49999999999997,300
151,q_learning,train,-2.499999999999986,115,0,118.49999999999997,300
152,q_learning,train,-4.500000000000001,47,0,118.49999999999997,300
153,q_learning,train,7.100000000000019,109,0,118.49999999999997,300
154,q_learning,train,-18.099999999999987,105,0,118.49999999999997,300
155,q_learning,train,-10.100000000000005,59,0,118.49999999999997,300
156,q_learning,train,-2.0,15,0,118.49999999999997,300
157,q_learning,train,-16.899999999999974,61,0,118.49999999999997,300
158,q_learning,train,-4.0,31,0,118.49999999999997,300
159,q_learning,train,40.70000000000002,300,0,118.49999999999997,300
160,q_learning,train,-2.0999999999999837,117,0,118.49999999999997,300
161,q_learning,train,27.99999999999998,172,0,118.49999999999997,300
162,q_learning,train,1.0,22,0,118.49999999999997,300
163,q_learning,train,-13.800000000000006,130,0,118.49999999999997,300
164,q_learning,train,-51.6000000000002,300,0,118.49999999999997,300
165,q_learning,train,-44.49999999999997,227,0,118.49999999999997,300
166,q_learning,train,-17.19999999999999,60,0,118.49999999999997,300
167,q_learning,train,-5.600000000000003,62,0,118.49999999999997,300
168,q_learning,train,-13.599999999999977,82,0,118.49999999999997,300
169,q_learning,train,-11.0,21,0,118.49999999999997,300
170,q_learning,train,-12.699999999999996,82,0,118.49999999999997,300
171,q_learning,train,-38.500000000000085,123,0,118.49999999999997,300
172,q_learning,train,-9.0,13,0,118.49999999999997,300
173,q_learning,train,-14.400000000000004,44,0,118.49999999999997,300
174,q_learning,train,1.5,30,0,118.49999999999997,300
175,q_learning,train,-27.5,25,0,118.49999999999997,300
176,q_learning,train,-65.20000000000013,215,0,118.49999999999997,300
177,q_learning,train,-13.799999999999981,70,0,118.49999999999997,300
178,q_learning,train,-1.5000000000000018,56,0,118.49999999999997,300
179,q_learning,train,-7.0,25,0,118.49999999999997,300
180,q_learning,train,-5.600000000000001,76,0,118.49999999999997,300
181,q_learning,train,20.0,170,0,118.49999999999997,300
182,q_learning,train,18.40000000000002,300,0,118.49999999999997,300
183,q_learning,train,77.0,300,0,118.49999999999997,300
184,q_learning,train,5.800000000000015,86,0,118.49999999999997,300
185,q_learning,train,-12.599999999999994,63,0,118.49999999999997,300
186,q_learning,train,0.9000000000000004,56,0,118.49999999999997,300
187,q_learning,train,-9.500000000000004,59,0,118.49999999999997,300
188,q_learning,train,-10.100000000000005,62,0,118.49999999999997,300
189,q_learning,train,55.09999999999997,263,0,118.49999999999997,300
190,q_learning,train,-10.600000000000005,60,0,118.49999999999997,300
191,q_learning,train,3.9000000000000234,84,0,118.49999999999997,300
192,q_learning,train,135.5,300,1,135.5,300
193,q_learning,train,64.0,158,0,135.5,300
194,q_learning,train,-8.79999999999999,138,0,135.5,300
195,q_learning,train,69.09999999999991,222,0,135.5,300
196,q_learning,train,19.500000000000025,134,0,135.5,300
197,q_learning,train,1.0,24,0,135.5,300
198,q_learning,train,-11.300000000000008,128,0,135.5,300
199,q_learning,train,-0.7000000000000002,29,0,135.5,300
200,q_learning,train,-48.30000000000004,212,0,135.5,300
201,q_learning,train,-27.69999999999997,67,0,135.5,300
202,q_learning,train,-3.6000000000000014,48,0,135.5,300
203,q_learning,train,-9.399999999999988,123,0,135.5,300
204,q_learning,train,-18.79999999999997,111,0,135.5,300
205,q_learning,train,7.700000000000035,112,0,135.5,300
206,q_learning,train,-9.0,21,0,135.5,300
207,q_learning,train,-42.59999999999998,215,0,135.5,300
208,q_learning,train,-46.5000000000003,300,0,135.5,300
209,q_learning,train,-15.199999999999985,300,0,135.5,300
210,q_learning,train,-4.5,24,0,135.5,300
211,q_learning,train,44.69999999999994,161,0,135.5,300
212,q_learning,train,-78.49999999999999,155,0,135.5,300
213,q_learning,train,-5.299999999999969,185,0,135.5,300
214,q_learning,train,-7.900000000000002,55,0,135.5,300
215,q_learning,train,-0.4999999999999867,140,0,135.5,300
216,q_learning,train,-17.899999999999988,77,0,135.5,300
217,q_learning,train,6.100000000000019,130,0,135.5,300
218,q_learning,train,-13.900000000000004,57,0,135.5,300
219,q_learning,train,-16.100000000000005,57,0,135.5,300
220,q_learning,train,77.0,300,0,135.5,300
221,q_learning,train,75.0,300,0,135.5,300
222,q_learning,train,-40.9999999999999,300,0,135.5,300
223,q_learning,train,4.900000000000016,82,0,135.5,300
224,q_learning,train,-7.0,20,0,135.5,300
225,q_learning,train,-29.29999999999997,164,0,135.5,300
226,q_learning,train,-6.500000000000003,50,0,135.5,300
227,q_learning,train,63.39999999999999,164,0,135.5,300
228,q_learning,train,28.199999999999967,300,0,135.5,300
229,q_learning,train,-21.999999999999975,74,0,135.5,300
230,q_learning,train,-25.699999999999967,181,0,135.5,300
231,q_learning,train,12.600000000000001,179,0,135.5,300
232,q_learning,train,-19.099999999999973,81,0,135.5,300
233,q_learning,train,-3.0,20,0,135.5,300
234,q_learning,train,-4.5,22,0,135.5,300
235,q_learning,train,-16.400000000000006,112,0,135.5,300
236,q_learning,train,-3.0,22,0,135.5,300
237,q_learning,train,1.4000000000000163,77,0,135.5,300
238,q_learning,train,-3.5,20,0,135.5,300
239,q_learning,train,-23.79999999999998,177,0,135.5,300
240,q_learning,train,-4.900000000000003,100,0,135.5,300
241,q_learning,train,-12.400000000000004,77,0,135.5,300
242,q_learning,train,76.0,300,0,135.5,300
243,q_learning,train,71.89999999999998,300,0,135.5,300
244,q_learning,train,81.0,300,0,135.5,300
245,q_learning,train,6.600000000000083,198,0,135.5,300
246,q_learning,train,-1.9999999999999858,126,0,135.5,300
247,q_learning,train,0.5,20,0,135.5,300
248,q_learning,train,60.89999999999999,160,0,135.5,300
249,q_learning,train,-6.89999999999999,139,0,135.5,300
250,q_learning,train,-2.0999999999999837,80,0,135.5,300
251,q_learning,train,12.800000000000015,108,0,135.5,300
252,q_learning,train,-29.199999999999978,90,0,135.5,300
253,q_learning,train,-4.5,20,0,135.5,300
254,q_learning,train,-4.0,21,0,135.5,300
255,q_learning,train,-7.700000000000003,63,0,135.5,300
256,q_learning,train,-11.400000000000002,60,0,135.5,300
257,q_learning,train,-15.600000000000001,115,0,135.5,300
258,q_learning,train,-12.000000000000002,63,0,135.5,300
259,q_learning,train,52.29999999999981,220,0,135.5,300
260,q_learning,train,0.600000000000068,228,0,135.5,300
261,q_learning,train,-81.20000000000033,256,0,135.5,300
262,q_learning,train,-13.500000000000004,48,0,135.5,300
263,q_learning,train,-14.900000000000004,65,0,135.5,300
264,q_learning,train,-6.399999999999964,300,0,135.5,300
265,q_learning,train,-2.0,13,0,135.5,300
266,q_learning,train,-30.099999999999916,182,0,135.5,300
267,q_learning,train,-37.900000000000006,300,0,135.5,300
268,q_learning,train,29.600000000000087,300,0,135.5,300
269,q_learning,train,45.699999999999946,300,0,135.5,300
270,q_learning,train,58.5,184,0,135.5,300
271,q_learning,train,65.39999999999999,160,0,135.5,300
272,q_learning,train,27.900000000000013,300,0,135.5,300
273,q_learning,train,9.30000000000004,300,0,135.5,300
274,q_learning,train,-9.600000000000005,78,0,135.5,300
275,q_learning,train,68.79999999999998,300,0,135.5,300
276,q_learning,train,122.0,300,0,135.5,300
277,q_learning,train,-12.099999999999952,241,0,135.5,300
278,q_learning,train,52.400000000000006,300,0,135.5,300
279,q_learning,train,-42.000000000000036,211,0,135.5,300
280,q_learning,train,-24.099999999999937,162,0,135.5,300
281,q_learning,train,77.99999999999999,300,0,135.5,300
282,q_learning,train,-16.499999999999982,250,0,135.5,300
283,q_learning,train,-45.000000000000014,222,0,135.5,300
284,q_learning,train,-15.000000000000004,39,0,135.5,300
285,q_learning,train,-45.40000000000012,300,0,135.5,300
286,q_learning,train,-10.600000000000005,53,0,135.5,300
287,q_learning,train,-0.5000000000000009,46,0,135.5,300
288,q_learning,train,-23.89999999999996,117,0,135.5,300
289,q_learning,train,-17.8,73,0,135.5,300
290,q_learning,train,-31.3,89,0,135.5,300
291,q_learning,train,-4.700000000000001,58,0,135.5,300
292,q_learning,train,48.70000000000003,300,0,135.5,300
293,q_learning,train,135.6,300,1,135.6,300
294,q_learning,train,-5.399999999999985,124,0,135.6,300
295,q_learning,train,-5.299999999999967,259,0,135.6,300
296,q_learning,train,-60.50000000000035,300,0,135.6,300
297,q_learning,train,-45.500000000000064,142,0,135.6,300
298,q_learning,train,-105.40000000000025,300,0,135.6,300
299,q_learning,train,62.00000000000003,268,0,135.6,300
